{"cameraMode":{"drawMode":0,"name":"Shaded","section":"Shading Mode"},"sceneLighting":true,"audioPlay":false,"sceneViewState":{"showFog":true,"showMaterialUpdate":false,"showSkybox":true,"showFlares":true,"showImageEffects":true,"showParticleSystems":true},"in2DMode":false,"pivot":{"x":105.6769790649414,"y":2.5786027908325197,"z":191.83193969726563},"rotation":{"x":0.08596432209014893,"y":0.4722079038619995,"z":-0.046334266662597659,"w":0.8760611414909363},"size":13.078126907348633,"orthographic":false}